parcel_id,pickup_lat,pickup_lon,drop_lat,drop_lon,size_kg,priority,expected_delivery_time
P001,22.7123,72.8456,22.6789,72.7234,3.2,1,45
P002,22.5678,72.9123,22.8234,72.6567,8.7,0,78
P003,22.8901,72.6234,22.5456,72.8789,1.4,1,32
P004,22.6543,72.7891,22.7890,72.5234,12.3,0,95
P005,22.7890,72.5543,22.6123,72.9456,5.6,1,56
P006,22.5234,72.8123,22.9456,72.6789,2.8,0,67
P007,22.8567,72.7234,22.5789,72.8901,9.4,1,41
P008,22.6789,72.6543,22.8123,72.7890,4.1,0,89
P009,22.9123,72.8890,22.6456,72.5678,7.2,1,38
P010,22.5456,72.7567,22.7234,72.9234,11.8,0,102
P011,22.7654,72.8321,22.5987,72.6543,3.9,1,29
P012,22.6321,72.7098,22.8765,72.8432,6.5,0,73
P013,22.8432,72.5876,22.6098,72.7654,1.8,1,51
P014,22.5987,72.9321,22.7432,72.6109,13.7,0,118
P015,22.7109,72.6765,22.5432,72.8987,4.7,1,43
P016,22.8765,72.8109,22.6765,72.5432,8.9,0,81
P017,22.6109,72.7432,22.8321,72.7098,2.3,1,35
P018,22.9876,72.6098,22.5765,72.8765,10.2,0,96
P019,22.5432,72.8765,22.7654,72.6321,5.3,1,47
P020,22.7098,72.5432,22.8109,72.9876,7.8,0,84
P021,22.8321,72.7654,22.6432,72.5987,3.6,1,39
P022,22.6543,72.8987,22.8876,72.7109,9.1,0,71
P023,22.8109,72.6432,22.5543,72.8321,1.2,1,27
P024,22.5765,72.7876,22.7987,72.6543,14.2,0,115
P025,22.7432,72.5543,22.6876,72.8109,4.4,1,49
P026,22.8987,72.8876,22.5109,72.7432,6.7,0,76
P027,22.6876,72.7987,22.8543,72.5765,2.9,1,33
P028,22.5109,72.6876,22.7765,72.8987,11.5,0,108
P029,22.8543,72.5109,22.6987,72.7876,3.1,1,42
P030,22.7765,72.8543,22.5876,72.6109,8.3,0,87